fecha,ano,mes,dia,hospitalizados_totales,hospitalizados_totales_cdmx,hospitalizados_totales_edomex,camas_intubados_totales,camas_intubados_cdmx,camas_intubados_edomex,camas_generales_totales,camas_generales_cdmx,camas_generales_edomex
24/03/2020,2020,marzo 2020,24,50,50,0,39,39,0,11,11,0
25/03/2020,2020,marzo 2020,25,105,105,0,33,33,0,72,72,0
26/03/2020,2020,marzo 2020,26,128,128,0,42,42,0,86,86,0
27/03/2020,2020,marzo 2020,27,175,175,0,60,60,0,115,115,0
28/03/2020,2020,marzo 2020,28,257,257,0,78,78,0,179,179,0
29/03/2020,2020,marzo 2020,29,258,258,0,84,84,0,174,174,0
30/03/2020,2020,marzo 2020,30,324,301,23,109,104,5,215,197,18
31/03/2020,2020,marzo 2020,31,328,313,15,122,118,4,206,195,11
01/04/2020,2020,abril 2020,1,384,359,25,133,128,5,251,231,20
02/04/2020,2020,abril 2020,2,393,361,32,143,136,7,250,225,25
03/04/2020,2020,abril 2020,3,448,405,43,131,124,7,317,281,36
04/04/2020,2020,abril 2020,4,474,434,40,132,127,5,342,307,35
05/04/2020,2020,abril 2020,5,546,509,37,153,146,7,393,363,30
06/04/2020,2020,abril 2020,6,596,559,37,182,171,11,414,388,26
07/04/2020,2020,abril 2020,7,670,609,61,191,178,13,479,431,48
08/04/2020,2020,abril 2020,8,741,657,84,229,202,27,512,455,57
09/04/2020,2020,abril 2020,9,855,768,87,288,249,39,567,519,48
10/04/2020,2020,abril 2020,10,1085,834,251,314,256,58,771,578,193
11/04/2020,2020,abril 2020,11,1212,910,302,336,265,71,876,645,231
12/04/2020,2020,abril 2020,12,1316,997,319,359,280,79,957,717,240
13/04/2020,2020,abril 2020,13,1379,1027,352,372,275,97,1007,752,255
14/04/2020,2020,abril 2020,14,1446,1110,336,418,343,75,1028,767,261
15/04/2020,2020,abril 2020,15,1530,1121,409,472,355,117,1058,766,292
16/04/2020,2020,abril 2020,16,1705,1255,450,508,390,118,1197,865,332
17/04/2020,2020,abril 2020,17,1887,1408,479,585,468,117,1302,940,362
18/04/2020,2020,abril 2020,18,2067,1548,519,611,487,124,1456,1061,395
19/04/2020,2020,abril 2020,19,2205,1647,558,654,524,130,1551,1123,428
20/04/2020,2020,abril 2020,20,2301,1706,595,656,529,127,1645,1177,468
21/04/2020,2020,abril 2020,21,2529,1878,651,699,572,127,1830,1306,524
22/04/2020,2020,abril 2020,22,2574,1932,642,703,570,133,1871,1362,509
23/04/2020,2020,abril 2020,23,2745,2064,681,701,571,130,2044,1493,551
24/04/2020,2020,abril 2020,24,2935,2162,773,760,620,140,2175,1542,633
25/04/2020,2020,abril 2020,25,3243,2445,798,840,685,155,2326,1760,566
26/04/2020,2020,abril 2020,26,3394,2572,826,887,723,164,2511,1849,662
27/04/2020,2020,abril 2020,27,3753,2689,941,915,747,154,2654,1942,712
28/04/2020,2020,abril 2020,28,3921,2675,1082,970,768,186,2951,1907,896
29/04/2020,2020,abril 2020,29,4061,2765,1149,1015,805,196,3046,1960,953
30/04/2020,2020,abril 2020,30,4238,2900,1207,1057,845,215,3181,2055,992
01/05/2020,2020,mayo 2020,1,4466,3037,1241,1068,825,203,3398,2212,1038
02/05/2020,2020,mayo 2020,2,4553,3096,1259,1026,816,198,3527,2280,1061
03/05/2020,2020,mayo 2020,3,4628,3099,1381,1066,870,228,3562,2229,1153
04/05/2020,2020,mayo 2020,4,4718,3201,1517,1080,849,231,3638,2352,1286
05/05/2020,2020,mayo 2020,5,4994,3438,1556,1102,878,224,3892,2560,1332
06/05/2020,2020,mayo 2020,6,4904,3378,1526,1104,875,229,3800,2503,1297
07/05/2020,2020,mayo 2020,7,4906,3424,1482,1134,899,235,3772,2525,1247
08/05/2020,2020,mayo 2020,8,5103,3574,1529,1162,914,248,3941,2660,1281
09/05/2020,2020,mayo 2020,9,5216,3610,1606,1186,918,268,4030,2692,1338
10/05/2020,2020,mayo 2020,10,5400,3767,1633,1197,919,278,4203,2848,1355
11/05/2020,2020,mayo 2020,11,5423,3779,1644,1193,935,258,4230,2844,1386
12/05/2020,2020,mayo 2020,12,5549,3903,1646,1218,961,257,4331,2942,1389
13/05/2020,2020,mayo 2020,13,5649,3964,1685,1254,987,267,4395,2977,1418
14/05/2020,2020,mayo 2020,14,5726,4009,1717,1248,956,292,4478,3053,1425
15/05/2020,2020,mayo 2020,15,5871,4099,1772,1289,974,315,4582,3125,1457
16/05/2020,2020,mayo 2020,16,5970,4159,1811,1295,982,313,4675,3177,1498
17/05/2020,2020,mayo 2020,17,6322,4390,1932,1433,1105,328,4889,3285,1604
18/05/2020,2020,mayo 2020,18,6273,4371,1902,1433,1107,326,4840,3264,1576
19/05/2020,2020,mayo 2020,19,6320,4419,1901,1453,1119,334,4867,3300,1567
20/05/2020,2020,mayo 2020,20,6425,4540,1885,1429,1111,318,4996,3429,1567
21/05/2020,2020,mayo 2020,21,6406,4533,1873,1446,1090,356,4960,3443,1517
22/05/2020,2020,mayo 2020,22,6457,4573,1884,1439,1077,362,5018,3496,1522
23/05/2020,2020,mayo 2020,23,6359,4490,1869,1493,1123,370,4866,3367,1499
24/05/2020,2020,mayo 2020,24,6335,4458,1877,1457,1097,360,4878,3361,1517
25/05/2020,2020,mayo 2020,25,6272,4414,1858,1455,1074,381,4817,3340,1477
26/05/2020,2020,mayo 2020,26,6340,4478,1862,1444,1076,368,4896,3402,1494
27/05/2020,2020,mayo 2020,27,6281,4420,1861,1407,1060,347,4874,3360,1514
28/05/2020,2020,mayo 2020,28,6241,4420,1821,1398,1053,345,4843,3367,1476
29/05/2020,2020,mayo 2020,29,6239,4413,1826,1418,1055,363,4821,3358,1463
30/05/2020,2020,mayo 2020,30,6278,4444,1834,1447,1081,366,4831,3363,1468
31/05/2020,2020,mayo 2020,31,6355,4461,1894,1461,1065,396,4894,3396,1498
01/06/2020,2020,junio 2020,1,6312,4468,1844,1451,1086,365,4861,3382,1479
02/06/2020,2020,junio 2020,2,6382,4469,1913,1482,1087,395,4900,3382,1518
03/06/2020,2020,junio 2020,3,6362,4465,1897,1490,1095,395,4872,3370,1502
04/06/2020,2020,junio 2020,4,6370,4474,1896,1456,1064,392,4914,3410,1504
05/06/2020,2020,junio 2020,5,6423,4491,1932,1493,1097,396,4930,3394,1536
06/06/2020,2020,junio 2020,6,6442,4484,1958,1425,1045,380,5017,3439,1578
07/06/2020,2020,junio 2020,7,6330,4424,1906,1426,1048,378,4904,3376,1528
08/06/2020,2020,junio 2020,8,6320,4408,1912,1408,1041,367,4912,3367,1545
09/06/2020,2020,junio 2020,9,6373,4436,1937,1361,1017,344,5012,3419,1593
10/06/2020,2020,junio 2020,10,6352,4447,1905,1369,1017,352,4983,3430,1553
11/06/2020,2020,junio 2020,11,6333,4460,1873,1365,1027,338,4968,3433,1535
12/06/2020,2020,junio 2020,12,6323,4456,1867,1366,1020,346,4957,3436,1521
13/06/2020,2020,junio 2020,13,6182,4374,1808,1383,1033,350,4799,3341,1458
14/06/2020,2020,junio 2020,14,6130,4331,1799,1347,1006,341,4783,3325,1458
15/06/2020,2020,junio 2020,15,6057,4279,1778,1329,998,331,4728,3281,1447
16/06/2020,2020,junio 2020,16,6064,4360,1704,1345,1011,334,4719,3349,1370
17/06/2020,2020,junio 2020,17,5985,4303,1682,1329,1015,314,4656,3288,1368
18/06/2020,2020,junio 2020,18,5890,4213,1677,1284,969,315,4606,3244,1362
19/06/2020,2020,junio 2020,19,5818,4142,1676,1265,952,313,4553,3190,1363
20/06/2020,2020,junio 2020,20,5750,4080,1670,1274,958,316,4476,3122,1354
21/06/2020,2020,junio 2020,21,5714,4074,1640,1291,974,317,4423,3100,1323
22/06/2020,2020,junio 2020,22,5566,3945,1621,1270,964,306,4296,2981,1315
23/06/2020,2020,junio 2020,23,5600,4008,1592,1244,936,308,4356,3072,1284
24/06/2020,2020,junio 2020,24,5480,3910,1570,1214,913,301,4266,2997,1269
25/06/2020,2020,junio 2020,25,5488,3908,1580,1227,935,292,4261,2973,1288
26/06/2020,2020,junio 2020,26,5416,3845,1571,1234,927,307,4182,2918,1264
27/06/2020,2020,junio 2020,27,5333,3806,1527,1254,941,313,4079,2865,1214
28/06/2020,2020,junio 2020,28,5282,3780,1502,1270,958,312,4012,2822,1190
29/06/2020,2020,junio 2020,29,5277,3793,1484,1261,949,312,4016,2844,1172
30/06/2020,2020,junio 2020,30,5288,3822,1466,1236,932,304,4052,2890,1162
01/07/2020,2020,julio 2020,1,5213,3750,1463,1219,920,299,3994,2830,1164
02/07/2020,2020,julio 2020,2,5120,3676,1444,1193,901,292,3927,2775,1152
03/07/2020,2020,julio 2020,3,5095,3666,1429,1195,897,298,3900,2769,1131
04/07/2020,2020,julio 2020,4,5010,3592,1418,1203,878,325,3807,2714,1093
05/07/2020,2020,julio 2020,5,5012,3602,1410,1213,884,329,3799,2718,1081
06/07/2020,2020,julio 2020,6,5027,3623,1404,1212,892,320,3815,2731,1084
07/07/2020,2020,julio 2020,7,4982,3609,1373,1196,885,311,3786,2724,1062
08/07/2020,2020,julio 2020,8,4906,3569,1337,1163,868,295,3743,2701,1042
09/07/2020,2020,julio 2020,9,4823,3489,1334,1146,844,302,3677,2645,1032
10/07/2020,2020,julio 2020,10,4797,3459,1338,1149,842,307,3648,2617,1031
11/07/2020,2020,julio 2020,11,4780,3462,1318,1191,865,326,3589,2597,992
12/07/2020,2020,julio 2020,12,4755,3431,1324,1160,843,317,3595,2588,1007
13/07/2020,2020,julio 2020,13,4717,3388,1329,1148,831,317,3569,2557,1012
14/07/2020,2020,julio 2020,14,4803,3456,1347,1123,816,307,3680,2640,1040
15/07/2020,2020,julio 2020,15,4757,3418,1339,1112,809,303,3645,2609,1036
16/07/2020,2020,julio 2020,16,4700,3385,1315,1101,813,288,3599,2572,1027
17/07/2020,2020,julio 2020,17,4648,3364,1284,1108,813,295,3540,2551,989
18/07/2020,2020,julio 2020,18,4538,3295,1243,1087,798,289,3451,2497,954
19/07/2020,2020,julio 2020,19,4591,3350,1241,1103,804,299,3488,2546,942
20/07/2020,2020,julio 2020,20,4610,3388,1222,1094,801,293,3516,2587,929
21/07/2020,2020,julio 2020,21,4645,3401,1244,1096,809,287,3549,2592,957
22/07/2020,2020,julio 2020,22,4708,3425,1283,1068,787,281,3640,2638,1002
23/07/2020,2020,julio 2020,23,4715,3448,1267,1068,774,294,3647,2674,973
24/07/2020,2020,julio 2020,24,4639,3419,1220,1054,786,268,3585,2633,952
25/07/2020,2020,julio 2020,25,4635,3415,1220,1084,803,281,3551,2612,939
26/07/2020,2020,julio 2020,26,4647,3423,1224,1106,822,284,3541,2601,940
27/07/2020,2020,julio 2020,27,4648,3447,1201,1093,813,280,3555,2634,921
28/07/2020,2020,julio 2020,28,4682,3470,1212,1108,830,278,3574,2640,934
29/07/2020,2020,julio 2020,29,4699,3493,1206,1121,836,285,3578,2657,921
30/07/2020,2020,julio 2020,30,4599,3394,1205,1131,838,293,3468,2556,912
31/07/2020,2020,julio 2020,31,4513,3296,1217,1123,830,293,3390,2466,924
01/08/2020,2020,agosto 2020,1,4381,3193,1188,1114,828,286,3267,2365,902
02/08/2020,2020,agosto 2020,2,4372,3188,1184,1114,836,278,3258,2352,906
03/08/2020,2020,agosto 2020,3,4383,3220,1163,1102,832,270,3281,2388,893
04/08/2020,2020,agosto 2020,4,4410,3255,1155,1081,822,259,3329,2433,896
05/08/2020,2020,agosto 2020,5,4291,3183,1108,1076,812,264,3215,2371,844
06/08/2020,2020,agosto 2020,6,4278,3158,1120,1046,790,256,3232,2368,864
07/08/2020,2020,agosto 2020,7,4214,3123,1091,1040,786,254,3174,2337,837
08/08/2020,2020,agosto 2020,8,4102,3016,1086,1042,781,261,3060,2235,825
09/08/2020,2020,agosto 2020,9,4107,3015,1092,1050,776,274,3057,2239,818
10/08/2020,2020,agosto 2020,10,4061,2984,1077,1030,753,277,3031,2231,800
11/08/2020,2020,agosto 2020,11,4002,2912,1090,972,711,261,3030,2201,829
12/08/2020,2020,agosto 2020,12,3979,2862,1117,962,706,256,3017,2156,861
13/08/2020,2020,agosto 2020,13,3978,2832,1146,959,689,270,3019,2143,876
14/08/2020,2020,agosto 2020,14,3962,2830,1132,950,694,256,3012,2136,876
15/08/2020,2020,agosto 2020,15,3920,2811,1109,948,700,248,2972,2111,861
16/08/2020,2020,agosto 2020,16,3929,2819,1110,942,688,254,2987,2131,856
17/08/2020,2020,agosto 2020,17,3915,2816,1099,944,689,255,2971,2127,844
18/08/2020,2020,agosto 2020,18,4001,2894,1107,930,678,252,3071,2216,855
19/08/2020,2020,agosto 2020,19,4012,2891,1121,933,687,246,3079,2204,875
20/08/2020,2020,agosto 2020,20,3922,2816,1106,923,677,246,2999,2139,860
21/08/2020,2020,agosto 2020,21,3836,2774,1062,908,679,229,2928,2095,833
22/08/2020,2020,agosto 2020,22,3741,2740,1001,927,700,227,2814,2040,774
23/08/2020,2020,agosto 2020,23,3752,2731,1021,915,696,219,2837,2035,802
24/08/2020,2020,agosto 2020,24,3816,2804,1012,929,717,212,2887,2087,800
25/08/2020,2020,agosto 2020,25,3855,2858,997,904,706,198,2951,2152,799
26/08/2020,2020,agosto 2020,26,3883,2887,996,903,705,198,2980,2182,798
27/08/2020,2020,agosto 2020,27,3863,2900,963,900,699,201,2963,2201,762
28/08/2020,2020,agosto 2020,28,3831,2884,947,892,703,189,2939,2181,758
29/08/2020,2020,agosto 2020,29,3755,2828,927,898,704,194,2857,2124,733
30/08/2020,2020,agosto 2020,30,3759,2852,907,885,702,183,2874,2150,724
31/08/2020,2020,agosto 2020,31,3836,2925,911,909,717,192,2927,2208,719
01/09/2020,2020,septiembre 2020,1,3864,2942,922,897,702,195,2967,2240,727
02/09/2020,2020,septiembre 2020,2,3848,2899,949,868,688,180,2980,2211,769
03/09/2020,2020,septiembre 2020,3,3763,2857,906,857,673,184,2906,2184,722
04/09/2020,2020,septiembre 2020,4,3777,2881,896,848,669,179,2929,2212,717
05/09/2020,2020,septiembre 2020,5,3722,2832,890,856,674,182,2866,2158,708
06/09/2020,2020,septiembre 2020,6,3744,2857,887,874,692,182,2870,2165,705
07/09/2020,2020,septiembre 2020,7,3776,2876,900,868,674,194,2908,2202,706
08/09/2020,2020,septiembre 2020,8,3847,2917,930,868,684,184,2979,2233,746
09/09/2020,2020,septiembre 2020,9,3837,2909,928,868,686,182,2969,2223,746
10/09/2020,2020,septiembre 2020,10,3885,2941,944,880,685,195,3005,2256,749
11/09/2020,2020,septiembre 2020,11,3825,2895,930,904,707,197,2921,2188,733
12/09/2020,2020,septiembre 2020,12,3807,2868,939,894,704,190,2913,2164,749
13/09/2020,2020,septiembre 2020,13,3790,2860,930,877,694,183,2913,2166,747
14/09/2020,2020,septiembre 2020,14,3803,2884,919,895,701,194,2908,2183,725
15/09/2020,2020,septiembre 2020,15,3784,2844,940,892,706,186,2892,2138,754
16/09/2020,2020,septiembre 2020,16,3748,2826,922,882,693,189,2866,2133,733
17/09/2020,2020,septiembre 2020,17,3716,2796,920,898,706,192,2818,2090,728
18/09/2020,2020,septiembre 2020,18,3771,2838,933,905,709,196,2866,2129,737
19/09/2020,2020,septiembre 2020,19,3653,2762,891,893,697,196,2760,2065,695
20/09/2020,2020,septiembre 2020,20,3610,2718,892,909,713,196,2701,2005,696
21/09/2020,2020,septiembre 2020,21,3616,2740,876,891,707,184,2725,2033,692
22/09/2020,2020,septiembre 2020,22,3598,2729,869,867,684,183,2731,2045,686
23/09/2020,2020,septiembre 2020,23,3602,2720,882,872,690,182,2730,2030,700
24/09/2020,2020,septiembre 2020,24,3524,2677,847,861,684,177,2663,1993,670
25/09/2020,2020,septiembre 2020,25,3482,2641,841,846,675,171,2636,1966,670
26/09/2020,2020,septiembre 2020,26,3388,2564,824,826,659,167,2562,1905,657
27/09/2020,2020,septiembre 2020,27,3384,2550,834,838,681,157,2546,1869,677
28/09/2020,2020,septiembre 2020,28,3425,2605,820,846,679,167,2579,1926,653
29/09/2020,2020,septiembre 2020,29,3434,2594,840,824,659,165,2610,1935,675
30/09/2020,2020,septiembre 2020,30,3444,2588,856,837,670,167,2607,1918,689
01/10/2020,2020,octubre 2020,1,3455,2607,848,828,658,170,2627,1949,678
02/10/2020,2020,octubre 2020,2,3446,2612,834,832,669,163,2614,1943,671
03/10/2020,2020,octubre 2020,3,3400,2569,831,821,664,157,2579,1905,674
04/10/2020,2020,octubre 2020,4,3419,2558,861,823,670,153,2596,1888,708
05/10/2020,2020,octubre 2020,5,3479,2588,891,820,664,156,2659,1924,735
06/10/2020,2020,octubre 2020,6,3521,2606,915,834,669,165,2687,1937,750
07/10/2020,2020,octubre 2020,7,3496,2596,900,841,668,173,2655,1928,727
08/10/2020,2020,octubre 2020,8,3482,2590,892,858,675,183,2624,1915,709
09/10/2020,2020,octubre 2020,9,3468,2591,877,841,665,176,2627,1926,701
10/10/2020,2020,octubre 2020,10,3405,2565,840,831,656,175,2574,1909,665
11/10/2020,2020,octubre 2020,11,3472,2607,865,859,687,172,2613,1920,693
12/10/2020,2020,octubre 2020,12,3538,2645,893,869,699,170,2669,1946,723
13/10/2020,2020,octubre 2020,13,3548,2663,885,853,680,173,2695,1983,712
14/10/2020,2020,octubre 2020,14,3604,2704,900,869,701,168,2735,2003,732
15/10/2020,2020,octubre 2020,15,3598,2694,904,880,695,185,2718,1999,719
16/10/2020,2020,octubre 2020,16,3624,2711,913,858,673,185,2766,2038,728
17/10/2020,2020,octubre 2020,17,3637,2724,913,863,678,185,2774,2046,728
18/10/2020,2020,octubre 2020,18,3679,2746,933,869,683,186,2810,2063,747
19/10/2020,2020,octubre 2020,19,3730,2775,955,878,696,182,2852,2079,773
20/10/2020,2020,octubre 2020,20,3755,2764,991,884,702,186,2871,2062,805
21/10/2020,2020,octubre 2020,21,3752,2761,991,911,720,191,2841,2041,800
22/10/2020,2020,octubre 2020,22,3726,2769,957,949,751,198,2777,2018,759
23/10/2020,2020,octubre 2020,23,3743,2791,952,927,744,183,2816,2047,769
24/10/2020,2020,octubre 2020,24,3714,2770,944,892,712,180,2822,2058,764
25/10/2020,2020,octubre 2020,25,3761,2816,945,919,736,183,2842,2080,762
26/10/2020,2020,octubre 2020,26,3778,2820,958,934,734,200,2844,2086,758
27/10/2020,2020,octubre 2020,27,3821,2841,980,922,725,197,2899,2116,783
28/10/2020,2020,octubre 2020,28,3876,2889,987,942,740,202,2934,2149,785
29/10/2020,2020,octubre 2020,29,3887,2893,994,932,723,209,2955,2170,785
30/10/2020,2020,octubre 2020,30,3837,2859,978,924,715,209,2913,2144,769
31/10/2020,2020,octubre 2020,31,3752,2834,918,923,722,201,2829,2112,717
01/11/2020,2020,noviembre 2020,1,3802,2861,941,935,743,192,2867,2118,749
02/11/2020,2020,noviembre 2020,2,3810,2870,940,915,733,182,2895,2137,758
03/11/2020,2020,noviembre 2020,3,3831,2892,939,910,735,175,2921,2157,764
04/11/2020,2020,noviembre 2020,4,3836,2899,937,915,729,186,2921,2170,751
05/11/2020,2020,noviembre 2020,5,3872,2923,949,943,758,185,2929,2165,764
06/11/2020,2020,noviembre 2020,6,3844,2906,938,914,718,196,2930,2188,742
07/11/2020,2020,noviembre 2020,7,3801,2859,942,933,743,190,2868,2116,752
08/11/2020,2020,noviembre 2020,8,3902,2956,946,944,753,191,2958,2203,755
09/11/2020,2020,noviembre 2020,9,3970,2982,988,957,772,185,3013,2210,803
10/11/2020,2020,noviembre 2020,10,4103,3110,993,955,768,187,3148,2342,806
11/11/2020,2020,noviembre 2020,11,4232,3161,1071,1000,803,197,3232,2358,874
12/11/2020,2020,noviembre 2020,12,4247,3227,1020,1017,817,200,3230,2410,820
13/11/2020,2020,noviembre 2020,13,4313,3282,1031,1021,820,201,3292,2462,830
14/11/2020,2020,noviembre 2020,14,4309,3252,1057,1040,842,198,3269,2410,859
15/11/2020,2020,noviembre 2020,15,4353,3308,1045,1053,850,203,3300,2458,842
16/11/2020,2020,noviembre 2020,16,4414,3340,1074,1061,849,212,3353,2491,862
17/11/2020,2020,noviembre 2020,17,4492,3354,1138,1035,827,208,3457,2527,930
18/11/2020,2020,noviembre 2020,18,4595,3416,1179,1060,844,216,3535,2572,963
19/11/2020,2020,noviembre 2020,19,4596,3427,1169,1053,836,217,3543,2591,952
20/11/2020,2020,noviembre 2020,20,4618,3452,1166,1089,862,227,3529,2590,939
21/11/2020,2020,noviembre 2020,21,4562,3398,1164,1091,861,230,3471,2537,934
22/11/2020,2020,noviembre 2020,22,4648,3468,1180,1112,872,240,3536,2596,940
23/11/2020,2020,noviembre 2020,23,4681,3465,1216,1112,865,247,3569,2600,969
24/11/2020,2020,noviembre 2020,24,4758,3553,1205,1058,831,227,3700,2722,978
25/11/2020,2020,noviembre 2020,25,4822,3599,1223,1075,844,231,3747,2755,992
26/11/2020,2020,noviembre 2020,26,4886,3632,1254,1129,886,243,3757,2746,1011
27/11/2020,2020,noviembre 2020,27,4967,3675,1292,1130,887,243,3837,2788,1049
28/11/2020,2020,noviembre 2020,28,5047,3717,1330,1186,933,253,3861,2784,1077
29/11/2020,2020,noviembre 2020,29,5047,3739,1308,1176,924,252,3871,2815,1056
30/11/2020,2020,noviembre 2020,30,5174,3839,1335,1165,909,256,4009,2930,1079
01/12/2020,2020,diciembre 2020,1,5301,3911,1390,1192,932,260,4109,2979,1130
02/12/2020,2020,diciembre 2020,2,5338,3916,1422,1179,923,256,4159,2993,1166
03/12/2020,2020,diciembre 2020,3,5359,3917,1442,1138,898,240,4221,3019,1202
04/12/2020,2020,diciembre 2020,4,5481,3989,1492,1187,936,251,4294,3053,1241
05/12/2020,2020,diciembre 2020,5,5465,3993,1472,1188,923,265,4277,3070,1207
06/12/2020,2020,diciembre 2020,6,5517,4033,1484,1217,948,269,4300,3085,1215
07/12/2020,2020,diciembre 2020,7,5695,4131,1564,1228,959,269,4467,3172,1295
08/12/2020,2020,diciembre 2020,8,5879,4235,1644,1218,958,260,4661,3277,1384
09/12/2020,2020,diciembre 2020,9,6065,4382,1683,1287,1008,279,4778,3374,1404
10/12/2020,2020,diciembre 2020,10,6194,4454,1740,1302,1014,288,4892,3440,1452
11/12/2020,2020,diciembre 2020,11,6321,4527,1794,1333,1036,297,4988,3491,1497
12/12/2020,2020,diciembre 2020,12,6330,4549,1781,1327,1032,295,5003,3517,1486
13/12/2020,2020,diciembre 2020,13,6439,4606,1833,1354,1060,294,5085,3546,1539
14/12/2020,2020,diciembre 2020,14,6622,4732,1890,1373,1078,295,5249,3654,1595
15/12/2020,2020,diciembre 2020,15,6746,4843,1903,1452,1147,305,5294,3696,1598
16/12/2020,2020,diciembre 2020,16,6832,4863,1969,1496,1162,334,5336,3701,1635
17/12/2020,2020,diciembre 2020,17,6972,4947,2025,1539,1180,359,5433,3767,1666
18/12/2020,2020,diciembre 2020,18,7094,5047,2047,1614,1238,376,5480,3809,1671
19/12/2020,2020,diciembre 2020,19,7109,5089,2020,1715,1342,373,5394,3747,1647
20/12/2020,2020,diciembre 2020,20,7334,5212,2122,1763,1363,400,5571,3849,1722
21/12/2020,2020,diciembre 2020,21,7432,5389,2043,1767,1397,370,5665,3992,1673
22/12/2020,2020,diciembre 2020,22,7618,5525,2093,1821,1422,399,5797,4103,1694
23/12/2020,2020,diciembre 2020,23,7700,5559,2141,1853,1455,398,5847,4104,1743
24/12/2020,2020,diciembre 2020,24,7796,5615,2181,1901,1496,405,5895,4119,1776
25/12/2020,2020,diciembre 2020,25,7730,5573,2157,1923,1519,404,5807,4054,1753
26/12/2020,2020,diciembre 2020,26,7945,5721,2224,1978,1532,446,5967,4189,1778
27/12/2020,2020,diciembre 2020,27,8129,5848,2281,2045,1593,452,6084,4255,1829
28/12/2020,2020,diciembre 2020,28,8265,5962,2303,2016,1551,465,6249,4411,1838
29/12/2020,2020,diciembre 2020,29,8289,5961,2328,2037,1570,467,6252,4391,1861
30/12/2020,2020,diciembre 2020,30,8586,6199,2387,2076,1602,474,6510,4597,1913
31/12/2020,2020,diciembre 2020,31,8598,6155,2443,2079,1584,495,6519,4571,1948
01/01/2021,2021,enero 2021,1,8636,6225,2411,2155,1657,498,6481,4568,1913
02/01/2021,2021,enero 2021,2,8695,6318,2377,2169,1688,481,6526,4630,1896
03/01/2021,2021,enero 2021,3,8792,6341,2451,2148,1674,474,6644,4667,1977
04/01/2021,2021,enero 2021,4,8853,6373,2480,2143,1660,483,6710,4713,1997
05/01/2021,2021,enero 2021,5,8890,6419,2471,2129,1620,509,6761,4799,1962
06/01/2021,2021,enero 2021,6,9002,6519,2483,2115,1621,494,6887,4898,1989
07/01/2021,2021,enero 2021,7,9212,6681,2531,2172,1674,498,7040,5007,2033
08/01/2021,2021,enero 2021,8,9333,6762,2571,2166,1644,522,7167,5118,2049
09/01/2021,2021,enero 2021,9,9403,6811,2592,2199,1673,526,7204,5138,2066
10/01/2021,2021,enero 2021,10,9479,6848,2631,2227,1711,516,7252,5137,2115
11/01/2021,2021,enero 2021,11,9459,6912,2547,2254,1747,507,7205,5165,2040
12/01/2021,2021,enero 2021,12,9565,7013,2552,2281,1782,499,7284,5231,2053
13/01/2021,2021,enero 2021,13,9601,7024,2577,2241,1745,496,7360,5279,2081
14/01/2021,2021,enero 2021,14,9677,7112,2565,2301,1788,513,7376,5324,2052
15/01/2021,2021,enero 2021,15,9765,7167,2598,2369,1844,525,7396,5323,2073
16/01/2021,2021,enero 2021,16,9800,7223,2577,2412,1897,515,7388,5326,2062
17/01/2021,2021,enero 2021,17,9752,7180,2572,2380,1861,519,7372,5319,2053
18/01/2021,2021,enero 2021,18,9933,7296,2637,2379,1861,518,7554,5435,2119
19/01/2021,2021,enero 2021,19,10071,7401,2670,2385,1870,515,7686,5531,2155
20/01/2021,2021,enero 2021,20,10022,7381,2641,2381,1884,497,7641,5497,2144
21/01/2021,2021,enero 2021,21,10007,7319,2688,2383,1857,526,7624,5462,2162
22/01/2021,2021,enero 2021,22,10010,7304,2706,2373,1884,489,7637,5420,2217
23/01/2021,2021,enero 2021,23,9931,7316,2615,2394,1896,498,7537,5420,2117
24/01/2021,2021,enero 2021,24,9893,7288,2605,2396,1890,506,7497,5398,2099
25/01/2021,2021,enero 2021,25,9866,7285,2581,2392,1880,512,7474,5405,2069
26/01/2021,2021,enero 2021,26,9897,7257,2640,2375,1846,529,7522,5411,2111
27/01/2021,2021,enero 2021,27,9806,7207,2599,2324,1824,500,7482,5383,2099
28/01/2021,2021,enero 2021,28,9851,7244,2607,2349,1828,521,7502,5416,2086
29/01/2021,2021,enero 2021,29,9846,7210,2636,2397,1871,526,7449,5339,2110
30/01/2021,2021,enero 2021,30,9703,7124,2579,2361,1859,502,7342,5265,2077
31/01/2021,2021,enero 2021,31,9578,7016,2562,2323,1835,488,7255,5181,2074
01/02/2021,2021,febrero 2021,1,9545,6999,2546,2318,1845,473,7227,5154,2073
02/02/2021,2021,febrero 2021,2,9236,6788,2448,2255,1802,453,6981,4986,1995
03/02/2021,2021,febrero 2021,3,9216,6760,2456,2255,1801,454,6961,4959,2002
04/02/2021,2021,febrero 2021,4,9045,6638,2407,2268,1790,478,6777,4848,1929
05/02/2021,2021,febrero 2021,5,8861,6505,2356,2257,1767,490,6604,4738,1866
06/02/2021,2021,febrero 2021,6,8724,6441,2283,2246,1769,477,6478,4672,1806
07/02/2021,2021,febrero 2021,7,8566,6384,2182,2187,1723,464,6379,4661,1718
08/02/2021,2021,febrero 2021,8,8344,6228,2116,2124,1678,446,6220,4550,1670
09/02/2021,2021,febrero 2021,9,8268,6158,2110,2091,1675,416,6177,4483,1694
10/02/2021,2021,febrero 2021,10,8093,6043,2050,2010,1630,380,6083,4413,1670
11/02/2021,2021,febrero 2021,11,7873,5860,2013,2031,1638,393,5842,4222,1620
12/02/2021,2021,febrero 2021,12,7642,5692,1950,1996,1607,389,5646,4085,1561
13/02/2021,2021,febrero 2021,13,7485,5575,1910,1976,1592,384,5509,3983,1526
14/02/2021,2021,febrero 2021,14,7343,5481,1862,1922,1562,360,5421,3919,1502
15/02/2021,2021,febrero 2021,15,7191,5369,1822,1890,1525,365,5301,3844,1457
16/02/2021,2021,febrero 2021,16,7058,5256,1802,1836,1484,352,5222,3772,1450
17/02/2021,2021,febrero 2021,17,6898,5118,1780,1816,1483,333,5082,3635,1447
18/02/2021,2021,febrero 2021,18,6816,5059,1757,1814,1489,325,5002,3570,1432
19/02/2021,2021,febrero 2021,19,6667,4972,1695,1780,1461,319,4887,3511,1376
20/02/2021,2021,febrero 2021,20,6561,4914,1647,1738,1431,307,4823,3483,1340
21/02/2021,2021,febrero 2021,21,6493,4838,1655,1729,1432,297,4764,3406,1358
22/02/2021,2021,febrero 2021,22,6362,4759,1603,1691,1408,283,4671,3351,1320
23/02/2021,2021,febrero 2021,23,6288,4688,1600,1699,1408,291,4589,3280,1309
24/02/2021,2021,febrero 2021,24,6244,4645,1599,1677,1372,305,4567,3273,1294
25/02/2021,2021,febrero 2021,25,6195,4593,1602,1660,1361,299,4535,3232,1303
26/02/2021,2021,febrero 2021,26,6112,4548,1564,1669,1372,297,4443,3176,1267
27/02/2021,2021,febrero 2021,27,5891,4391,1500,1630,1340,290,4261,3051,1210
28/02/2021,2021,febrero 2021,28,5868,4371,1497,1598,1313,285,4270,3058,1212
01/03/2021,2021,marzo 2021,1,5788,4333,1455,1561,1299,262,4227,3034,1193
02/03/2021,2021,marzo 2021,2,5793,4317,1476,1576,1301,275,4217,3016,1201
03/03/2021,2021,marzo 2021,3,5799,4351,1448,1603,1326,277,4196,3025,1171
04/03/2021,2021,marzo 2021,4,5821,4384,1437,1610,1341,269,4211,3043,1168
05/03/2021,2021,marzo 2021,5,5791,4366,1425,1622,1349,273,4169,3017,1152
06/03/2021,2021,marzo 2021,6,5685,4255,1430,1557,1290,267,4128,2965,1163
07/03/2021,2021,marzo 2021,7,5605,4213,1392,1556,1279,277,4049,2934,1115
08/03/2021,2021,marzo 2021,8,5576,4200,1376,1503,1243,260,4073,2957,1116
09/03/2021,2021,marzo 2021,9,5571,4174,1397,1483,1216,267,4088,2958,1130
10/03/2021,2021,marzo 2021,10,5459,4100,1359,1508,1227,281,3951,2873,1078
11/03/2021,2021,marzo 2021,11,5388,4049,1339,1487,1221,266,3901,2828,1073
12/03/2021,2021,marzo 2021,12,5220,3916,1304,1470,1192,278,3750,2724,1026
13/03/2021,2021,marzo 2021,13,5120,3870,1250,1444,1184,260,3676,2686,990
14/03/2021,2021,marzo 2021,14,5005,3764,1241,1405,1146,259,3600,2618,982
15/03/2021,2021,marzo 2021,15,4985,3743,1242,1426,1169,257,3559,2574,985
16/03/2021,2021,marzo 2021,16,4862,3695,1167,1423,1163,260,3439,2532,907
17/03/2021,2021,marzo 2021,17,4847,3667,1180,1404,1150,254,3443,2517,926
18/03/2021,2021,marzo 2021,18,4786,3649,1137,1396,1150,246,3390,2499,891
19/03/2021,2021,marzo 2021,19,4693,3551,1142,1374,1134,240,3319,2417,902
20/03/2021,2021,marzo 2021,20,4558,3458,1100,1357,1109,248,3201,2349,852
21/03/2021,2021,marzo 2021,21,4442,3379,1063,1315,1089,226,3127,2290,837
22/03/2021,2021,marzo 2021,22,4365,3344,1021,1293,1074,219,3072,2270,802
23/03/2021,2021,marzo 2021,23,4337,3306,1031,1265,1050,215,3072,2256,816
24/03/2021,2021,marzo 2021,24,4298,3227,1071,1265,1031,234,3033,2196,837
25/03/2021,2021,marzo 2021,25,4182,3137,1045,1196,973,223,2986,2164,822
26/03/2021,2021,marzo 2021,26,4146,3107,1039,1226,997,229,2920,2110,810
27/03/2021,2021,marzo 2021,27,4088,3070,1018,1209,990,219,2979,2080,799
28/03/2021,2021,marzo 2021,28,4015,3015,1000,1193,984,209,2822,2031,791
29/03/2021,2021,marzo 2021,29,3967,2991,976,1166,954,212,2801,2037,764
30/03/2021,2021,marzo 2021,30,3925,2939,986,1177,951,226,2748,1988,760
31/03/2021,2021,marzo 2021,31,3860,2907,953,1162,942,220,2698,1965,733
01/04/2021,2021,abril 2021,1,3741,2830,911,1124,916,208,2617,1914,703
02/04/2021,2021,abril 2021,2,3686,2778,908,1080,887,193,2606,1891,715
03/04/2021,2021,abril 2021,3,3631,2727,904,1074,883,191,2557,1844,713
04/04/2021,2021,abril 2021,4,3557,2663,894,1057,862,195,2500,1801,699
05/04/2021,2021,abril 2021,5,3534,2630,904,1059,863,196,2475,1767,708
06/04/2021,2021,abril 2021,6,3522,2621,901,1037,847,190,2485,1774,711
07/04/2021,2021,abril 2021,7,3434,2562,872,1027,853,174,2407,1709,698
08/04/2021,2021,abril 2021,8,3383,2525,858,1039,851,188,2344,1674,670
09/04/2021,2021,abril 2021,9,3326,2483,843,1025,835,190,2301,1648,653
10/04/2021,2021,abril 2021,10,3288,2441,847,1020,827,193,2268,1614,654
11/04/2021,2021,abril 2021,11,3291,2433,858,1017,817,200,2274,1616,658
12/04/2021,2021,abril 2021,12,3265,2419,846,997,810,187,2268,1609,659
13/04/2021,2021,abril 2021,13,3264,2402,862,992,813,179,2272,1589,683
14/04/2021,2021,abril 2021,14,3244,2404,840,985,812,173,2259,1592,667
15/04/2021,2021,abril 2021,15,3153,2323,830,960,787,173,2193,1536,657
16/04/2021,2021,abril 2021,16,3066,2277,789,946,763,183,2120,1514,606
17/04/2021,2021,abril 2021,17,3001,2214,787,919,740,179,2082,1474,608
18/04/2021,2021,abril 2021,18,2947,2184,763,913,738,175,2034,1446,588
19/04/2021,2021,abril 2021,19,2936,2174,762,913,740,173,2023,1434,589
20/04/2021,2021,abril 2021,20,2890,2181,709,893,731,162,1997,1450,547
21/04/2021,2021,abril 2021,21,2832,2144,688,888,741,147,1944,1403,541
22/04/2021,2021,abril 2021,22,2764,2118,646,864,725,139,1900,1393,507
23/04/2021,2021,abril 2021,23,2685,2059,626,836,702,134,1849,1357,492
24/04/2021,2021,abril 2021,24,2556,1966,590,801,679,122,1755,1287,468
25/04/2021,2021,abril 2021,25,2499,1914,585,774,658,116,1725,1256,469
26/04/2021,2021,abril 2021,26,2387,1844,543,758,640,118,1629,1204,425
27/04/2021,2021,abril 2021,27,2347,1797,550,727,614,113,1620,1183,437
28/04/2021,2021,abril 2021,28,2267,1739,528,714,602,112,1553,1137,416
29/04/2021,2021,abril 2021,29,2188,1681,507,668,562,106,1520,1119,401
30/04/2021,2021,abril 2021,30,2109,1614,495,652,541,111,1457,1073,384
01/05/2021,2021,mayo 2021,1,2041,1554,487,644,533,111,1397,1021,376
02/05/2021,2021,mayo 2021,2,2010,1523,487,633,518,115,1377,1005,372
03/05/2021,2021,mayo 2021,3,1981,1498,483,645,529,116,1336,969,367
04/05/2021,2021,mayo 2021,4,1930,1472,458,619,511,108,1311,961,350
05/05/2021,2021,mayo 2021,5,1877,1445,432,621,519,102,1256,926,330
06/05/2021,2021,mayo 2021,6,1806,1404,402,604,512,92,1202,892,310
07/05/2021,2021,mayo 2021,7,1740,1355,385,593,502,91,1147,853,294
08/05/2021,2021,mayo 2021,8,1683,1316,367,586,500,86,1097,816,281
09/05/2021,2021,mayo 2021,9,1648,1305,343,577,494,83,1071,811,260
10/05/2021,2021,mayo 2021,10,1643,1304,339,579,494,85,1064,810,254
11/05/2021,2021,mayo 2021,11,1669,1305,364,563,477,86,1106,828,278
12/05/2021,2021,mayo 2021,12,1624,1265,359,519,443,76,1105,822,283
13/05/2021,2021,mayo 2021,13,1573,1238,335,504,433,71,1069,805,264
14/05/2021,2021,mayo 2021,14,1533,1216,317,497,431,66,1036,785,251
15/05/2021,2021,mayo 2021,15,1474,1163,311,466,402,64,1008,761,247
16/05/2021,2021,mayo 2021,16,1453,1133,320,467,409,58,986,724,262
17/05/2021,2021,mayo 2021,17,1412,1097,315,461,397,64,951,700,251
18/05/2021,2021,mayo 2021,18,1370,1063,307,443,384,59,927,679,248
19/05/2021,2021,mayo 2021,19,1301,998,303,418,359,59,883,639,244
20/05/2021,2021,mayo 2021,20,1245,962,283,408,352,56,837,610,227
21/05/2021,2021,mayo 2021,21,1180,903,277,372,316,56,808,587,221
22/05/2021,2021,mayo 2021,22,1139,864,275,383,322,61,756,542,214
23/05/2021,2021,mayo 2021,23,1101,839,262,368,302,66,733,537,196
24/05/2021,2021,mayo 2021,24,1090,818,272,375,310,65,715,508,207
25/05/2021,2021,mayo 2021,25,1049,791,258,369,303,66,680,488,192
26/05/2021,2021,mayo 2021,26,993,749,244,352,286,66,641,463,178
27/05/2021,2021,mayo 2021,27,1014,759,255,347,282,65,667,477,190
28/05/2021,2021,mayo 2021,28,982,719,263,336,275,61,646,444,202
29/05/2021,2021,mayo 2021,29,921,688,233,314,253,61,607,435,172
30/05/2021,2021,mayo 2021,30,901,664,237,308,250,58,593,414,179
31/05/2021,2021,mayo 2021,31,873,639,234,309,251,58,564,388,176
01/06/2021,2021,junio 2021,1,885,651,234,304,243,61,581,408,173
02/06/2021,2021,junio 2021,2,879,650,229,294,234,60,585,416,169
03/06/2021,2021,junio 2021,3,834,615,219,284,230,54,550,385,165
04/06/2021,2021,junio 2021,4,813,594,219,271,220,51,542,374,168
05/06/2021,2021,junio 2021,5,792,587,205,261,214,47,531,373,158
06/06/2021,2021,junio 2021,6,778,574,204,264,220,44,514,354,160
07/06/2021,2021,junio 2021,7,800,599,201,276,229,47,524,370,154
08/06/2021,2021,junio 2021,8,798,606,192,267,224,43,531,382,149
09/06/2021,2021,junio 2021,9,816,630,186,266,223,43,550,407,143
10/06/2021,2021,junio 2021,10,803,615,188,266,224,42,537,391,146
11/06/2021,2021,junio 2021,11,787,597,190,264,227,37,523,370,153
12/06/2021,2021,junio 2021,12,761,579,182,253,217,36,508,362,146
13/06/2021,2021,junio 2021,13,787,597,190,256,219,37,531,378,153
14/06/2021,2021,junio 2021,14,803,614,189,265,227,38,538,387,151
15/06/2021,2021,junio 2021,15,823,624,199,277,246,31,546,378,168
16/06/2021,2021,junio 2021,16,829,624,205,287,253,34,542,371,171
17/06/2021,2021,junio 2021,17,836,642,194,282,250,32,554,392,162
18/06/2021,2021,junio 2021,18,816,641,175,273,245,28,543,396,147
19/06/2021,2021,junio 2021,19,816,643,173,278,247,31,538,396,142
20/06/2021,2021,junio 2021,20,813,638,175,270,242,28,543,396,147
21/06/2021,2021,junio 2021,21,858,665,193,280,248,32,578,417,161
22/06/2021,2021,junio 2021,22,895,679,216,291,253,38,604,426,178
23/06/2021,2021,junio 2021,23,882,677,205,285,245,40,597,432,165
24/06/2021,2021,junio 2021,24,943,716,227,306,263,43,637,453,184
25/06/2021,2021,junio 2021,25,943,710,233,315,268,47,628,442,186
26/06/2021,2021,junio 2021,26,962,731,231,320,276,44,642,455,187
27/06/2021,2021,junio 2021,27,990,755,235,321,279,42,669,476,193
28/06/2021,2021,junio 2021,28,1031,785,246,324,285,39,707,500,207
29/06/2021,2021,junio 2021,29,1076,810,266,337,300,37,739,510,229
30/06/2021,2021,junio 2021,30,1140,866,274,361,320,41,779,546,233
01/07/2021,2021,julio 2021,1,1158,862,296,352,310,42,806,552,254
02/07/2021,2021,julio 2021,2,1152,863,289,362,317,45,790,546,244
03/07/2021,2021,julio 2021,3,1209,901,308,380,333,47,829,568,261
04/07/2021,2021,julio 2021,4,1249,921,328,378,333,45,871,588,283
05/07/2021,2021,julio 2021,5,1372,1029,343,395,341,54,977,688,289
